{
    "text": {
        "version": "1.0.0",
        "type": "inner",
        "methods": {
            "获取文本": 3
        }
    },
    "常用正则数据提取": {
        "version": "1.0.6",
        "type": "outer",
        "methods": {
            "提取字符串中的数字": 3
        }
    },
    "system_function": {
        "version": "1.0.0",
        "type": "inner",
        "methods": {
            "输出到控制台与日志": 23,
            "等待时间": 10
        }
    },
    "excel_read_write": {
        "version": "1.0.0",
        "type": "inner",
        "methods": {
            "读取单元格数据": 4,
            "获取行列数": 2,
            "写入单元格数据": 2
        }
    },
    "excel_op2": {
        "version": "1.0.0",
        "type": "inner",
        "methods": {
            "打开Excel工作簿": 5,
            "关闭Excel工作簿": 7
        }
    },
    "process_control": {
        "version": "1.0.0",
        "type": "inner",
        "methods": {
            "流程块": 52,
            "If条件判断": 23,
            "For计次循环": 4,
            "break跳出循环": 2,
            "TryCatch异常处理": 1,
            "catch异常": 1,
            "重试范围": 1,
            "退出流程": 3,
            "continue继续循环": 3
        }
    },
    "mouse_keyboard": {
        "version": "1.0.0",
        "type": "inner",
        "methods": {
            "点击": 41,
            "输入文本": 9,
            "选择选项": 2,
            "发送热键": 3
        }
    },
    "app_browser": {
        "version": "1.0.0",
        "type": "inner",
        "methods": {
            "打开浏览器": 3,
            "关闭应用程序": 1,
            "刷新/前进/后退": 1
        }
    },
    "element": {
        "version": "1.0.0",
        "type": "inner",
        "methods": {
            "等待元素出现": 2,
            "判断元素是否存在": 5,
            "XPath查找元素": 3,
            "等待元素消失": 2
        }
    },
    "table": {
        "version": "1.0.0",
        "type": "inner",
        "methods": {
            "CV点击": 23,
            "CV等待元素出现": 10,
            "CV判断元素是否存在": 9
        }
    },
    "var_op": {
        "version": "1.0.0",
        "type": "inner",
        "methods": {
            "变量赋值": 18,
            "变量转字符串": 9,
            "数字取整": 3,
            "字符串转整数": 3
        }
    },
    "doc_function": {
        "version": "1.0.0",
        "type": "inner",
        "methods": {
            "判断文件夹是否存在": 3,
            "获取目录下文件或文件夹": 2
        }
    }
}