[{"name":"ScreenResolution","type":"screen","data":{"width":1920,"height":1080}},{"name":"ScreenScale","type":"screen","data":{"scale":100}},{"name":"Chrome","type":"app","data":{"state":"install","version":"137.0.7151.56","path":"C:\\Program Files\\Google\\Chrome\\Application\\chrome.exe"}},{"name":"IE","type":"app","data":{"state":"install","version":"11.0.26100.1882","path":"C:\\Program Files\\Internet Explorer\\iexplore.exe"}},{"name":"Edge","type":"app","data":{"state":"install","version":"137.0.3296.52","path":"C:\\Program Files (x86)\\Microsoft\\Edge\\Application\\msedge.exe"}},{"name":"Chrome","type":"extension","data":{"state":"uninstall"}},{"name":"IE","type":"extension","data":{"state":"enable"}},{"name":"Edge","type":"extension","data":{"state":"disable"}},{"name":"Java","type":"extension","data":{"state":"enable"}},{"name":"WinIO","type":"driver","data":{"state":"uninstall"}},{"name":"HID","type":"driver","data":{"state":"uninstall"}},{"name":"WPSWord","type":"app","data":{"state":"install","version":"12.1.0.21171","path":"C:\\Users\\ang59\\AppData\\Local\\Kingsoft\\WPS Office\\12.1.0.21171\\office6\\wps.exe","active":"active"}},{"name":"WPSExcel","type":"app","data":{"state":"install","version":"12.1.0.21171","path":"C:\\Users\\ang59\\AppData\\Local\\Kingsoft\\WPS Office\\12.1.0.21171\\office6\\et.exe","active":"active"}},{"name":"WPSPPT","type":"app","data":{"state":"install","version":"12.1.0.21171","path":"C:\\Users\\ang59\\AppData\\Local\\Kingsoft\\WPS Office\\12.1.0.21171\\office6\\wpp.exe","active":"active"}},{"name":"MSWord","type":"app","data":{"state":"install","version":"16.0.18827.20128","path":"C:\\Program Files\\Microsoft Office\\Root\\Office16\\WINWORD.EXE","active":"active"}},{"name":"MSExcel","type":"app","data":{"state":"install","version":"16.0.18827.20128","path":"C:\\Program Files\\Microsoft Office\\Root\\Office16\\EXCEL.EXE","active":"active"}},{"name":"MSPPT","type":"app","data":{"state":"install","version":"16.0.18827.20128","path":"C:\\Program Files\\Microsoft Office\\Root\\Office16\\POWERPNT.EXE","active":"active"}}]
