{"id":"联通数字档案馆","displayName":"联通数字档案馆","moduleName":"联通数字档案馆","processList":[{"processType":"/主流程.flow","methodName":"/主流程.flow","displayName":"联通数字档案馆","content":[{"type":"input","id":"account","inputType":{"typeId":"string"},"name":"account","desc":"","defaultValue":""},{"type":"input","id":"passWord","inputType":{"typeId":"string"},"name":"passWord","desc":"","defaultValue":""}],"input":["account","passWord"],"output":[],"desc":"","disabled":false}]}
